{
  "class_name": "ViewTrajectory",
  "interval": 29,
  "is_loop": false,
  "trajectory": [
    {
      "boundingbox_max": [
        42.287689208984375, 2.0879433155059814, 48.125907897949219
      ],
      "boundingbox_min": [
        -17.468879699707031, -20.551795959472656, 0.22554484009742737
      ],
      "field_of_view": 60.0,
      "front": [
        -0.18496461217464633, 0.053470219464847757, -0.98128947200785954
      ],
      "lookat": [3.2786864830752904, -4.6291252914412579, 27.075153518411099],
      "up": [0.016403036155781248, -0.99821165816214497, -0.057484136194715492],
      "zoom": 0.35999999999999965
    }
  ],
  "version_major": 1,
  "version_minor": 0
}
