{
  "class_name": "ViewTrajectory",
  "interval": 29,
  "is_loop": false,
  "trajectory": [
    {
      "boundingbox_max": [
        0.47445517778396606, 1.4399454593658447, 2.6883053779602051
      ],
      "boundingbox_min": [
        -1.2299695014953613, -1.4083700180053711, 0.37343454360961914
      ],
      "field_of_view": 60.0,
      "front": [0.15883286277451347, -0.64126018159063969, -0.7507046697664751],
      "lookat": [
        -0.37775716185569763, 0.015787720680236816, 1.5308699607849121
      ],
      "up": [0.98386124436563716, 0.16625916593100817, 0.066143341155595684],
      "zoom": 0.69999999999999996
    }
  ],
  "version_major": 1,
  "version_minor": 0
}
