{
  "class_name": "ViewTrajectory",
  "interval": 29,
  "is_loop": false,
  "trajectory": [
    {
      "boundingbox_max": [
        1.1361877918243408, 3.212684154510498, 1.7766525745391846
      ],
      "boundingbox_min": [
        -0.3006894588470459, 0.99024230241775513, -0.25754410028457642
      ],
      "field_of_view": 60.0,
      "front": [0.51650471817391908, -0.81442409135116334, 0.26445467575921699],
      "lookat": [0.41774916648864746, 2.1014632284641266, 0.75955423712730408],
      "up": [-0.40217403334250851, -0.50338557831506769, -0.76476075111725217],
      "zoom": 0.69999999999999996
    }
  ],
  "version_major": 1,
  "version_minor": 0
}
